Pose_ID	Descriptor_Custom_DataFrame_hbondd_GLU_310_A	Descriptor_Custom_DataFrame_hbondd_LYS_311_A	Descriptor_Custom_DataFrame_hbondd_PHE_312_A	Descriptor_Custom_DataFrame_pistack_TYR_305_A	Descriptor_Custom_DataFrame_pistack_PHE_312_A	Descriptor_Custom_DataFrame_hydroph_ARG_138_A	Descriptor_Custom_DataFrame_hydroph_LYS_311_A	Descriptor_Custom_DataFrame_hydroph_TYR_315_A	Descriptor_Custom_DataFrame_hydroph_LEU_81_A	Descriptor_Custom_DataFrame_hydroph_VAL_244_A	Descriptor_Custom_DataFrame_hbondd_ARG_138_A	Descriptor_Custom_DataFrame_hydroph_TYR_305_A	Descriptor_Custom_DataFrame_hydroph_VAL_63_A	Descriptor_Custom_DataFrame_hydroph_PHE_312_A	Descriptor_Custom_DataFrame_hbondd_TYR_315_A	Descriptor_Custom_DataFrame_pistack_TYR_315_A	Descriptor_Custom_DataFrame_hydroph_THR_77_A	Descriptor_Custom_DataFrame_hydroph_ALA_241_A	Descriptor_Custom_DataFrame_hydroph_LEU_67_A	Descriptor_Custom_DataFrame_hydroph_LEU_134_A	Descriptor_Custom_DataFrame_hydroph_LYS_237_A	Descriptor_Custom_DataFrame_hydroph_ILE_245_A	Descriptor_Custom_DataFrame_halogenbond_GLU_310_A	Descriptor_Custom_DataFrame_pication_LYS_311_A	Descriptor_Custom_DataFrame_halogenbond_VAL_63_A	Descriptor_Custom_DataFrame_hbonda_LYS_237_A	Descriptor_Custom_DataFrame_saltbridge_GLU_310_A	Descriptor_Custom_DataFrame_halogenbond_THR_77_A
SWXHVWNMTPIHQF-OEMAIJDKSA-N_repr_0_target_5T1A_clean_mutations_reversed_withHs_pose_0	1.0	1.0	1.0	1.0	0.0	1.0	1.0	1.0	1.0	1.0	0.0	0.0	0.0	1.0	0.0	0.0	0.0	0.0	0.0	0.0	0.0	0.0	0.0	0.0	1.0	0.0	0.0	0.0
SWXHVWNMTPIHQF-LYKKTTPLSA-N_repr_0_target_5T1A_clean_mutations_reversed_withHs_pose_0	0.0	1.0	0.0	0.0	0.0	0.0	0.0	0.0	1.0	1.0	1.0	0.0	0.0	1.0	1.0	1.0	0.0	1.0	1.0	1.0	0.0	0.0	0.0	0.0	1.0	0.0	0.0	0.0
OLFYEIGJVWCOCU-OEMAIJDKSA-N_repr_0_target_5T1A_clean_mutations_reversed_withHs_pose_0	1.0	1.0	1.0	1.0	0.0	1.0	1.0	1.0	0.0	1.0	0.0	0.0	0.0	1.0	0.0	0.0	0.0	1.0	0.0	0.0	0.0	0.0	0.0	0.0	1.0	0.0	0.0	0.0
OLFYEIGJVWCOCU-LYKKTTPLSA-N_repr_0_target_5T1A_clean_mutations_reversed_withHs_pose_0	1.0	1.0	1.0	1.0	0.0	0.0	1.0	0.0	1.0	0.0	0.0	0.0	0.0	1.0	0.0	0.0	1.0	1.0	0.0	0.0	0.0	0.0	0.0	0.0	0.0	0.0	0.0	0.0
HGZOJVSCQNZLMS-OEMAIJDKSA-N_repr_0_target_5T1A_clean_mutations_reversed_withHs_pose_0	1.0	1.0	1.0	1.0	0.0	1.0	1.0	1.0	1.0	1.0	0.0	0.0	0.0	1.0	0.0	0.0	0.0	0.0	0.0	0.0	0.0	0.0	0.0	0.0	1.0	0.0	0.0	0.0
OTRWOBVXEPACEI-UHFFFAOYSA-N_repr_0_target_5T1A_clean_mutations_reversed_withHs_pose_0	1.0	1.0	1.0	0.0	0.0	0.0	0.0	1.0	1.0	1.0	0.0	1.0	0.0	1.0	0.0	0.0	0.0	0.0	1.0	0.0	0.0	0.0	0.0	0.0	1.0	0.0	0.0	0.0
AEHODMQBMLUHNX-UHFFFAOYSA-N_repr_0_target_5T1A_clean_mutations_reversed_withHs_pose_0	1.0	1.0	1.0	0.0	0.0	0.0	0.0	1.0	1.0	1.0	0.0	1.0	0.0	1.0	0.0	0.0	0.0	0.0	1.0	0.0	0.0	0.0	0.0	0.0	1.0	1.0	1.0	0.0
IRUPMGAJMKZLLI-UHFFFAOYSA-N_repr_0_target_5T1A_clean_mutations_reversed_withHs_pose_0	0.0	1.0	1.0	1.0	1.0	0.0	0.0	1.0	1.0	1.0	0.0	1.0	0.0	1.0	0.0	0.0	0.0	0.0	0.0	0.0	0.0	0.0	0.0	0.0	1.0	1.0	0.0	0.0
HAZUXFVCMUSZHN-UHFFFAOYSA-N_repr_0_target_5T1A_clean_mutations_reversed_withHs_pose_0	0.0	1.0	1.0	1.0	1.0	0.0	0.0	1.0	1.0	1.0	0.0	1.0	0.0	1.0	0.0	0.0	0.0	0.0	0.0	0.0	0.0	0.0	0.0	0.0	1.0	1.0	0.0	0.0
BZABVFPPOIWHIE-UHFFFAOYSA-N_repr_0_target_5T1A_clean_mutations_reversed_withHs_pose_0	1.0	1.0	1.0	0.0	0.0	0.0	0.0	1.0	1.0	1.0	0.0	0.0	0.0	0.0	0.0	0.0	0.0	0.0	0.0	0.0	0.0	0.0	0.0	1.0	0.0	1.0	1.0	0.0
NEHQWOQOBXQTPU-UHFFFAOYSA-N_repr_0_target_5T1A_clean_mutations_reversed_withHs_pose_0	1.0	1.0	1.0	1.0	1.0	0.0	1.0	0.0	1.0	1.0	0.0	0.0	1.0	0.0	0.0	0.0	0.0	1.0	0.0	0.0	1.0	0.0	0.0	0.0	1.0	0.0	0.0	0.0
MNLVCOBPDKQJKG-UHFFFAOYSA-N_repr_0_target_5T1A_clean_mutations_reversed_withHs_pose_0	1.0	1.0	1.0	1.0	0.0	0.0	1.0	1.0	1.0	0.0	0.0	0.0	0.0	1.0	0.0	0.0	0.0	1.0	0.0	0.0	1.0	0.0	1.0	0.0	1.0	0.0	0.0	1.0
CEGJWTUOZKZMBT-UHFFFAOYSA-N_repr_0_target_5T1A_clean_mutations_reversed_withHs_pose_0	1.0	1.0	1.0	1.0	0.0	0.0	1.0	0.0	1.0	0.0	1.0	0.0	0.0	1.0	0.0	0.0	0.0	1.0	0.0	0.0	1.0	0.0	0.0	0.0	1.0	0.0	0.0	0.0
DQXWKJJFDWTHFG-UHFFFAOYSA-N_repr_0_target_5T1A_clean_mutations_reversed_withHs_pose_0	1.0	1.0	1.0	1.0	0.0	0.0	1.0	1.0	1.0	0.0	1.0	0.0	0.0	1.0	0.0	0.0	0.0	1.0	0.0	0.0	1.0	0.0	0.0	0.0	1.0	0.0	0.0	0.0
YISILPLXQXBHSP-UHFFFAOYSA-N_repr_1_target_5T1A_clean_mutations_reversed_withHs_pose_0	1.0	1.0	0.0	1.0	1.0	0.0	1.0	1.0	0.0	1.0	0.0	0.0	1.0	0.0	0.0	0.0	0.0	0.0	1.0	0.0	1.0	0.0	0.0	0.0	0.0	0.0	0.0	0.0
LUUMLYXKTPBTQR-UHFFFAOYSA-N_repr_0_target_5T1A_clean_mutations_reversed_withHs_pose_0	0.0	1.0	0.0	1.0	1.0	0.0	1.0	1.0	1.0	1.0	1.0	0.0	0.0	1.0	0.0	0.0	0.0	0.0	0.0	1.0	0.0	1.0	0.0	1.0	0.0	1.0	0.0	0.0
